,MI_Score
F3912,0.04743394362346487
F1863,0.010212797384848926
F3484,0.01018226274175893
F1501,0.008676092704782978
F267,0.008350312406143479
F1495,0.008276291814118708
F1489,0.008100798056284608
F1381,0.008041374054821193
F1057,0.007931096175285868
F1821,0.00792471822291163
F1827,0.00792471822291163
F2486,0.007855821106955818
F1597,0.007746649342690648
F1755,0.007741590920911534
F3490,0.007672700840536284
F1387,0.007652825919407746
F1814,0.0075901689250534865
F3805,0.007576562368279194
F1609,0.00756208899042754
F3811,0.007516398617487208
F3800,0.007510018788496442
F1603,0.007509112545209473
F1165,0.007415214948406135
F1713,0.007350235520688586
F1719,0.0073487240018534905
F1171,0.007342029176205744
F1815,0.007316820126424761
F3898,0.007291703626317925
F1707,0.007261302335241693
F1393,0.007171837958948046
F1861,0.007083610610221003
F1177,0.006998981836778717
F955,0.006976024595171548
F2143,0.006893279958353871
F2149,0.006893279958353871
F1605,0.006827449165593524
F1819,0.006822362728000186
F2489,0.00681215752820441
F1611,0.00679201300446397
F3496,0.006752568013263516
F1825,0.006748957457501814
F2030,0.006737192406626957
F1753,0.006726361584020291
F3801,0.006664766344294248
F1273,0.006650020981954219
F3700,0.006632580891877682
F1069,0.006604075567660295
F1717,0.006531854604693521
F1711,0.006531854604693521
F1320,0.0064733635025707725
F270,0.006328359630340508
F2151,0.006296356381928714
F2145,0.006296356381928714
F2387,0.006275805818983682
F1705,0.006251183951560435
F1647,0.006248960047644303
F2686,0.0062237629747996515
F3799,0.006214424333777724
F1382,0.006192497297477395
F3806,0.006155381079960387
F1813,0.006099250899721076
F3813,0.006088527046026027
F3532,0.0060802638947551335
F1063,0.006056748551500957
F961,0.00605172339196991
F1820,0.0060462251633730535
F471,0.006045746451846634
F1173,0.006036870473795086
F2138,0.0060328836924445906
F1215,0.006009334560209245
F1826,0.005966203525904379
F2042,0.005894000729794402
F2137,0.005882101032535503
F1491,0.005880578066698616
F3640,0.005834570026425956
F1539,0.00581766149509666
F1285,0.005810687595721342
F3812,0.005800407986206624
F469,0.005783170371475688
F949,0.005779613014936791
F3712,0.0057735725996701515
F265,0.0057711427176234675
F3807,0.005754717728319481
F1599,0.005664499568895476
F1933,0.005650293923600835
F1927,0.005650293923600835
F1706,0.0056357340624973995
F1056,0.005542094941202169
F996,0.005539053484957535
F1490,0.005532295453573477
F1921,0.005494261402501643
F1497,0.0054879294561445136
F1502,0.005486956117550346
F2182,0.005454147161586986
F1503,0.005452041056240087
F1167,0.005420698449171257
F2484,0.00541533065965305
F573,0.005413713755857974
F2036,0.0054042996081944406
F1212,0.005398081062049864
F1428,0.0053684375669070805
F2144,0.0053515476467250744
F3748,0.005320628276588857
F2150,0.005304009799726894
F1058,0.005260099150803832
F1712,0.0052559051170775195
F1210,0.005216048789206229
F1395,0.0052055383768760954
F1070,0.005192184491374152
F2787,0.005177507183837249
F1166,0.005164663831606631
F1718,0.005162052070182277
F1064,0.005148628356034024
F1279,0.005148515720029612
F1429,0.005122171257579522
F159,0.005089378147773882
F999,0.005038921462220625
F1537,0.005029214512437097
F1213,0.004995751334566867
F2684,0.004977848605703161
F3604,0.004969369582387473
F1929,0.004961375388837341
F1935,0.004961375388837341
F1179,0.0049564821691695515
F2385,0.004938978467710076
F2139,0.0049276969859934905
F3592,0.004913240547942066
F2291,0.004911848692829457
F950,0.004901436801477477
F1274,0.004865594010813212
F1178,0.00485628721941711
F1172,0.00484975941742849
F2031,0.0048279470811386505
F1858,0.0048250065978462375
F1824,0.00481984060217433
F1923,0.004797283616682635
F1105,0.00478034635645086
F1496,0.004771344058963067
F2390,0.004757170160406998
F160,0.004743307838497857
F951,0.004726317285091097
F1598,0.004720084220284471
F1071,0.004704544151783896
F2043,0.004651697746445138
F2037,0.004651697746445138
F1855,0.004637553919354609
F1394,0.004631544435291901
F1388,0.004625239922490421
F3706,0.0046165648364570044
F3106,0.004584758902189123
F2386,0.00454861135979856
F2029,0.004536780439205801
F2026,0.004524284635749276
F1383,0.004499027540469602
F1104,0.004476871972002638
F162,0.004470721131317301
F1059,0.004469229188313828
F2250,0.004443532154668306
F3908,0.004431324950144755
F1280,0.004405492592984617
F2035,0.004370070021214589
F2041,0.004370070021214589
F962,0.004360010900700928
F1645,0.00433106445727105
F2586,0.0043283449234197136
F1065,0.004323866882735672
F956,0.004307085251585296
F1910,0.004306313331552958
F1536,0.004301661108666588
F3751,0.004280289007164595
F3495,0.004272933070256668
F1818,0.004260789003613041
F1286,0.00421836946539067
F1922,0.004200513005526596
F995,0.004194076085641485
F1281,0.00419101714110004
F1096,0.004169926336730079
F158,0.0041209683901994865
F1604,0.00410136745883638
F369,0.004089349613511262
F1323,0.004087690080337936
F2079,0.004067993263284664
F1610,0.004058800393538786
F1275,0.004035648373665879
F61,0.004019943373304691
F1431,0.003960525944482263
F2584,0.003950238741150525
F1287,0.003919260262646218
F963,0.0039090605498071085
F1107,0.0038906616135471195
F1103,0.0038770908565652906
F3643,0.00385646392287764
F59,0.003849982727116008
F3598,0.0038450486307968212
F1926,0.003844896224891259
F1389,0.0038441495110294044
F14,0.0038377512205842734
F157,0.003817722417666314
F3108,0.0038173124837723726
F3103,0.00380117309882122
F223,0.003782358155857257
F1486,0.0037725907805495895
F3913,0.003767015150088149
F2290,0.0037507706326097567
F1860,0.00374208152761224
F3580,0.0037402707060318896
F2346,0.003735306332086741
F3071,0.003730793090869322
F1066,0.003720356756120591
F1867,0.0036961919620924766
F1932,0.0036848125380002372
F125,0.003684200189396858
F2256,0.0036749259917316923
F3742,0.003668867963104394
F3066,0.0036647620842303885
F1492,0.003661953005001717
F3832,0.0036501444135653704
F957,0.0036239264244151137
F3753,0.0036027434092527066
F1538,0.003592955163926881
F3499,0.0035918007779752736
F2447,0.003585694674669737
F60,0.0035567373866619567
F161,0.0035483959301608747
F1857,0.003546366240339549
F1859,0.003541838958854071
F1968,0.0035325094896919706
F847,0.0035175631649019268
F266,0.0035151157509865083
F3001,0.003498952869810501
F3107,0.0034934694679292777
F2784,0.0034891599865063405
F2184,0.0034747543394607616
F1754,0.003469723832841276
F3538,0.0034656098771052024
F1969,0.0034605294777670936
F1928,0.003435114747582846
F2388,0.003427779379441387
F30,0.0034262956550394907
F1276,0.003412930646374268
F1963,0.0034112144904733244
F3833,0.0034092873923703415
F2450,0.003402035121599978
F2685,0.00339032662318417
F1533,0.003390104060242538
F994,0.003383391781173195
F3493,0.003377246987319449
F1081,0.003376044541059109
F3642,0.003375608177855205
F1425,0.003373938147847033
F3834,0.003372220960073724
F1423,0.0033713764751661657
F3607,0.0033483471430719725
F1680,0.0033306651426023848
F952,0.0033288939236411075
F3055,0.0033176132179710827
F3622,0.0033125700257488067
F2691,0.003311156463699172
F3543,0.0033101297316120437
F26,0.003293853440476835
F3692,0.0032929008453552733
F1209,0.003279058209719743
F2288,0.003274805075622944
F1321,0.0032709956055985145
F1965,0.003269366267777296
F1045,0.0032646539401764985
F3899,0.0032575870921148775
F2289,0.0032443881747039605
F3517,0.003244012231202409
F1068,0.0032308786877205398
F116,0.0032261835070478417
F1062,0.0032216630997810025
F1380,0.003220426059079129
F1061,0.0032028711731353354
F1846,0.003194811404087061
F229,0.0031896044936809975
F2453,0.003188204527455718
F64,0.003186324333336432
F1102,0.0031840437754316886
F217,0.0031815312240938143
F2351,0.0031760965994218626
F2637,0.003174874246837156
F3804,0.003169881444951894
F1920,0.0031671055010428217
F1708,0.0031617563325413434
F3105,0.003160971266582435
F572,0.0031511865796165495
F1283,0.003146086802824022
F2074,0.003136332167585132
F1284,0.0031244182976769563
F2140,0.0031214681332633054
F1278,0.0031184184816445137
F1971,0.0031166481281746927
F2847,0.0031153197377769004
F1570,0.0030994049415662417
F3064,0.0030836293229311584
F2892,0.003083173346923207
F2071,0.003082154221101585
F736,0.003077756846321167
F2134,0.0030759534962837565
F1211,0.0030667269031187105
F1168,0.003064716908386722
F1906,0.0030645270493644405
F575,0.0030615956795292387
F1750,0.003053157873067369
F1529,0.0030505888556866534
F1974,0.0030436404826316155
F2785,0.003043331423623119
F1862,0.003041112645199573
F2339,0.003040273560027451
F3609,0.0030267759084239287
F2645,0.003024075175330654
F2585,0.0030224938970834225
F3072,0.003022395623875407
F62,0.0030035269277660648
F2345,0.0029810488966753868
F3006,0.002966490026091395
F1592,0.002961801835012934
F1934,0.002960174662165027
F2436,0.0029546017120454238
F1411,0.0029535676291077007
F2999,0.002942824282922585
F470,0.002931585887133381
F2185,0.002930267436810463
F730,0.002928766613794598
F3641,0.002924226830656851
F1535,0.002921869465905891
F2076,0.002917956055966453
F1176,0.0029112411781996306
F1532,0.002909098009550637
F638,0.0029035368598694378
F3524,0.0028949536001883214
F1751,0.002892656801614879
F1964,0.002888377596852121
F433,0.002885624941847964
F56,0.002883832198195102
F2183,0.0028799462231938744
F1391,0.0028788003311512878
F993,0.0028778256795618518
F3749,0.002875932163810768
F3098,0.002874086561231448
F2220,0.002873866052019114
F742,0.0028736011383295734
F2650,0.0028702531620969918
F2487,0.002867907632082445
F1133,0.0028669390374738146
F1164,0.0028577838669208155
F1714,0.0028542925027554844
F1322,0.0028533520123713574
F1865,0.002847312346964115
F1150,0.0028394824784282457
F3716,0.0028359175028651595
F1493,0.00283502623933396
F1510,0.0028227133016642814
F3750,0.0028049051703610273
F947,0.0027972846846358035
F2148,0.0027910786184669467
F1854,0.0027883589088180116
F2077,0.0027880684729001404
F997,0.0027871277943627426
F2889,0.002785914368926945
F1811,0.002778409833819606
F1140,0.0027763224130147313
F3109,0.0027741880275842234
F119,0.002773478376635441
F2644,0.0027696086638943074
F3002,0.0027695787938013527
F2854,0.002769477516745944
F3063,0.002768488580698225
F1585,0.002765996152615857
F3636,0.002765497852710519
F1602,0.00276516165266949
F2891,0.0027646924821219665
F3068,0.0027574316161013135
F225,0.0027508988141133894
F428,0.0027427091412759452
F1639,0.002729946538055139
F3648,0.00272855443633635
F2176,0.0027284989202117638
F2843,0.002727169943240404
F3916,0.0027262780967587386
F3802,0.002720838334059006
F3062,0.0027194645346829693
F2848,0.0027082947364155396
F1640,0.0027051629325591797
F1205,0.0027043483804143342
F274,0.002702238770446841
F2244,0.0026993158252618388
F2379,0.0026959859698025834
F1141,0.002686743847968631
F3645,0.002682712888227301
F946,0.002682430552948367
F1432,0.002682120205109939
F2449,0.0026795529708403265
F569,0.0026795521880540463
F112,0.002676408228446836
F1534,0.002676044808508582
F978,0.002667714358498219
F3104,0.002666842664709179
F2890,0.0026654346944636753
F3873,0.0026636672546007656
F1543,0.002662269677834561
F473,0.002659543748944171
F3113,0.0026574607234133296
F571,0.0026562061175591234
F2444,0.002656107818521769
F368,0.0026555373200030097
F3797,0.0026538414679208033
F3070,0.002651865052800906
F2438,0.0026481447475373843
F20,0.0026460489208045557
F2857,0.0026353632864550836
F1596,0.0026298770849806363
F1369,0.002623809338752059
F1641,0.0026219037408036217
F2163,0.0026192299703449162
F3526,0.0026191948154018485
F1055,0.002616860743383409
F2448,0.002615556179430656
F1606,0.002608097717892499
F3529,0.002600907520436513
F3057,0.002599728108212629
F1001,0.0025943991753730744
F3698,0.002573956541015221
F3896,0.002570553725684599
F367,0.0025663990889734922
F1930,0.0025625735888734624
F3540,0.0025619727495503897
F1329,0.0025591659539555556
F1199,0.0025550182844832348
F2894,0.002537501208520365
F1217,0.0025366090344085546
F268,0.0025344740666130017
F2221,0.0025302638308675185
F1540,0.0025236647574812254
F109,0.002522430671846654
F3537,0.002521658092035639
F2960,0.0025205214165510137
F2354,0.0025173091965731142
F3808,0.0025087911352532632
F1856,0.0025034546701231397
F2997,0.002499676816101304
F2893,0.00249949641684577
F3695,0.002498134572954225
F2125,0.002496027239323184
F2850,0.002493804868077265
F2061,0.002493610050601225
F1608,0.002493423759844182
F2072,0.0024857966067060033
F1109,0.002483182745650736
F3690,0.0024828695052574457
F1681,0.002480951422495936
F2535,0.0024722690422028792
F2844,0.0024718704745442244
F706,0.0024661668079956067
F3065,0.002454457395072329
F1498,0.0024352405043083225
F1111,0.00243327312641628
F2777,0.0024330120144138156
F3688,0.0024329665176946458
F1565,0.0024297911596237176
F3059,0.0024296806596781906
F2649,0.002427252143519909
F1106,0.0024220992919291584
F991,0.0024195483109183957
F3056,0.0024190923441603784
F2352,0.002418673779233882
F1097,0.0024160535298497487
F2187,0.0024160499252666723
F2340,0.0024124115697207182
F2218,0.002409528318357168
F1409,0.002405567699343414
F167,0.0024052732109350883
F1465,0.002404704465129859
F1189,0.002398713522292928
F1966,0.002396130794225959
F269,0.0023941387123576074
F1704,0.002393497813001577
F1868,0.0023918059558608595
F2851,0.0023904290996699107
F1512,0.0023843404105056143
F998,0.0023842523633593737
F3798,0.002381293601063539
F2856,0.0023797284157041076
F1427,0.0023775155480969534
F1218,0.0023762041871410178
F1709,0.0023759752843927062
F2955,0.002375429728178391
F1500,0.002373122186075438
F3069,0.0023643021117739638
F3534,0.002363344841456505
F1384,0.0023627518661264446
F3489,0.0023595533984289707
F234,0.0023566162853797534
F1108,0.002355032094328968
F2018,0.0023517558128173244
F3680,0.002351460048293341
F263,0.0023507849519671664
F3583,0.0023458773091167284
F3919,0.002345669235940595
F2179,0.00234534281466936
F3681,0.0023453264487703906
F2181,0.0023431788389312036
F1433,0.002342153925560808
F272,0.0023409774525570137
F3857,0.0023372008506512554
F2142,0.0023359269174776376
F1747,0.0023353116751018144
F1101,0.0023266014765873644
F3579,0.0023176679082187457
F520,0.002317616799271782
F2951,0.0023151936638998727
F1420,0.0023133483373768415
F3000,0.0023128653376044417
F1488,0.0023115934261458415
F981,0.0023093793653354844
F1258,0.002309308838705837
F2998,0.002305764188825332
F2146,0.0022907783454259034
F228,0.002289937000141129
F1174,0.0022837532547038686
F1378,0.0022832522216031936
F1390,0.0022815585392902404
F2158,0.0022807434995800735
F2038,0.002277527357352316
F528,0.0022771727937307418
F1521,0.0022731449323682984
F113,0.0022670219698504024
F3067,0.0022603562499131646
F3501,0.002260068019493966
F1898,0.0022543907356524784
F231,0.0022542217110820273
F24,0.002254105014574903
F2062,0.0022527046661870997
F958,0.002250240296297834
F625,0.002249469574086227
F3058,0.002249345132733449
F3536,0.0022461982750361376
F2842,0.0022433888495773102
F2141,0.0022367899641544398
F1548,0.0022358946354423814
F1034,0.002235237447393512
F3787,0.0022349435161492792
F3841,0.002230773697332711
F1637,0.002223706326538899
F2953,0.0022233418503888602
F1760,0.002221123684775561
F960,0.002212979540115234
F365,0.0022118224515189633
F2965,0.0022051548313570812
F927,0.0021980026338256353
F2078,0.0021955339552824915
F3548,0.0021950473354710454
F778,0.0021923866046617
F461,0.0021913987127369916
F1816,0.002190488886017583
F1124,0.0021849050389217695
F3505,0.0021848512498471306
F1430,0.0021807448560222653
F2147,0.002180477471553699
F2776,0.002172903705803031
F3606,0.002172743687961609
F3810,0.0021647449672907992
F1216,0.0021568509742414532
F124,0.0021508168329383848
F1594,0.0021478913951494816
F1067,0.0021478784373982762
F3835,0.002146410532315568
F1701,0.0021459026207119036
F2260,0.002143497562065444
F2958,0.00214312422847851
F1326,0.0021406631123392916
F3535,0.002138171078424178
F3651,0.002136769905208391
F2786,0.0021353763255099745
F2841,0.0021268746804008476
F427,0.002125871554771952
F1364,0.002124533724249811
F2485,0.0021215954666367054
F1519,0.00211948662187722
F1435,0.00211013139329852
F1367,0.0021094610901934985
F2014,0.002109362376510715
F1099,0.002108258280275943
F1795,0.0021078300804646677
F2131,0.0021071678414796846
F2956,0.0021053599701481573
F2293,0.002100331438269598
F2088,0.002099940136680689
F3842,0.0020998693205435126
F2442,0.002099543929463321
F3757,0.002098764786229057
F781,0.0020986076301448
F987,0.00209344369073583
F2855,0.002093124949030356
F954,0.0020909039237025917
F1110,0.0020885836227491072
F2191,0.002086289525284446
F63,0.0020856008142948745
F563,0.0020851101612959777
F3476,0.002080935497612124
F1644,0.0020780903583289545
F230,0.0020766213895357932
F639,0.0020679384136422785
F844,0.0020678101286893957
F3623,0.002066130861774762
F3837,0.002064462808684664
F2957,0.002063495692133488
F432,0.0020610298796185367
F1513,0.002060875791142891
F1170,0.002053825660610187
F3843,0.002053723859885226
F1702,0.002051072628445505
F2849,0.0020460683765987087
F421,0.0020441684866288057
F3872,0.00204407546610319
F224,0.0020408052304230484
F1098,0.002039527537086694
F3710,0.0020360461267366903
F3902,0.002035292571783698
F3840,0.0020309624559370354
F2285,0.0020305901109461955
F259,0.002028265443191235
F166,0.002027229804281383
F3711,0.0020271233626455443
F2443,0.002026857005990257
F219,0.0020261740912440596
F434,0.0020247286780764595
F1894,0.0020221638742119463
F1744,0.0020172664375167626
F2479,0.0020154833131910133
F2243,0.002014731730704322
F3549,0.002011318669418616
F2639,0.0020106731857664206
F3839,0.002010204184850206
F2949,0.0020095573173336545
F1089,0.0020058485455243247
F1822,0.0020050319960606133
F2213,0.0020047397564547653
F2058,0.0019992206255301515
F2342,0.0019991590379386803
F1163,0.0019980075405442443
F1325,0.0019979380729100438
F1807,0.0019976567747264085
F121,0.001993120136330906
F2283,0.0019928109582486586
F790,0.00198857992047885
F733,0.0019843975123199353
F3860,0.001983734432694173
F2962,0.0019829964327916505
F532,0.0019820713374938403
F2961,0.0019796995423740915
F622,0.0019652749485638
F1553,0.001963210175564556
F2853,0.0019630340246260536
F460,0.0019596090134356148
F3061,0.001955454408852919
F3756,0.001951047517078086
F1837,0.001945425659294564
F2282,0.00194043365122476
F2292,0.0019401638414586753
F2964,0.001940062927842101
F1405,0.0019383887213187956
F1571,0.0019376027090916015
F2389,0.0019352365324020182
F3796,0.0019338836441615825
F1086,0.0019338824358551276
F1874,0.0019333663427689718
F1572,0.001928761827868164
F1392,0.0019265603182211377
F1162,0.0019232022098452095
F1319,0.001922978810771414
F1315,0.0019182237971699934
F3485,0.0019179727596549956
F115,0.001913262030320162
F1175,0.0019116857736650728
F122,0.0019047703741574828
F13,0.0019037140820149512
F429,0.0018925122843955755
F2136,0.0018894199219098295
F1385,0.001889186391610287
F3717,0.001885655172316647
F1462,0.001883355526048014
F2441,0.0018755606546797532
F2852,0.0018745927796834927
F2676,0.0018732990338551359
F3871,0.00187039134735012
F1494,0.0018665347421681355
F3101,0.0018652453532148616
F3541,0.0018616143750042058
F2651,0.0018568445560016578
F1768,0.0018522590575063003
F3581,0.0018513032021417741
F1977,0.0018484945760383065
F3838,0.0018480525084804134
F3573,0.0018422238639914656
F327,0.001841781010953003
F1642,0.0018390939884539437
F1853,0.0018327382603172682
F1761,0.001831839881667241
F1499,0.0018284526616740848
F373,0.0018247954794573529
F2643,0.0018243405874385221
F1638,0.0018190696395513628
F578,0.0018185642015323689
F117,0.0018136506723600565
F3744,0.001810779444468169
F938,0.001809299758214089
F1354,0.0018071705192265197
F2254,0.0018055117235433737
F53,0.0018022629950891211
F3907,0.001801916100484524
F3492,0.0017941950794885253
F1907,0.0017851676491414947
F1691,0.0017843793389266116
F3624,0.0017783439338978635
F1302,0.0017746644498720654
F3895,0.0017725526132031932
F1037,0.0017708375849943003
F2064,0.001769691707170451
F1656,0.0017695921703589912
F475,0.0017668589463037954
F418,0.0017624373769821178
F1646,0.001760637114161856
F2034,0.0017569834893131908
F3687,0.0017551875416468299
F2073,0.0017526230996199876
F3781,0.0017514214929287286
F1731,0.0017508746134962117
F850,0.0017501510616222404
F2963,0.0017464272970451056
F2175,0.001741403696420174
F275,0.0017411955888343433
F1208,0.001738368205878582
F1710,0.0017354498520374406
F2017,0.0017329384841813233
F1426,0.0017295360008132699
F3743,0.0017255339937114478
F1762,0.0017251792631957086
F1545,0.0017229477478585276
F1888,0.0017176174567261615
F1221,0.0017161632289279805
F1531,0.001712854842293443
F152,0.001708202968774053
F1752,0.0017075363765068907
F1959,0.0017039227444444194
F3602,0.0017016665862461533
F1272,0.00169778743697091
F1633,0.001695529486732017
F3923,0.0016941318592844645
F1351,0.0016938099498950976
F3914,0.001692645263080439
F2123,0.001691352277868985
F3754,0.0016836826190238519
F1980,0.0016747380942802037
F566,0.0016737889356354119
F1324,0.001672450481298382
F3112,0.0016708550391604238
F1546,0.00167078332211823
F831,0.001669522343506924
F1158,0.0016689371581432022
F2008,0.0016687701318459647
F2845,0.0016665367842645384
F1438,0.001666131946008842
F1340,0.001663490528369116
F2681,0.0016627747139741356
F2166,0.0016625230228912713
F220,0.001661155227068556
F3922,0.0016562808474267499
F3608,0.0016552322153009502
F893,0.0016530136337453705
F3822,0.0016510634283378733
F1182,0.001650482804832043
F1700,0.0016490794023588107
F2188,0.001647943345144065
F666,0.0016475886823695829
F2952,0.0016462122793200473
F1194,0.0016443543878243982
F1651,0.0016419868835066964
F1472,0.0016410664120579677
F988,0.0016397559855061417
F838,0.0016394704340936261
F1687,0.0016391203752205152
F1317,0.0016386609554995824
F1812,0.0016383603121759016
F1078,0.001635814448952999
F1188,0.0016323185717640465
F120,0.0016322148338590026
F1225,0.0016309550584411303
F2040,0.001628452196762109
F466,0.0016283824883870368
F3601,0.0016281575705966445
F2110,0.0016273206288851538
F2347,0.001624071012383932
F1817,0.0016154878947197693
F3644,0.00161508568337565
F1909,0.0016132420164854944
F673,0.0016128328866549246
F2846,0.0016098826739866512
F262,0.0016072494259410375
F3752,0.0016071097190477612
F1316,0.0016044555107918024
F3475,0.0016035239819671698
F1261,0.0016033937605302029
F1732,0.0016019647234176704
F271,0.0016018147657277382
F3724,0.0016003858578146346
F154,0.0015987737427539672
F743,0.001596704014329875
F1957,0.0015942132619702898
F2255,0.0015930671245127925
F3600,0.0015856889160552612
F1257,0.0015833167506317247
F2355,0.0015809268471491666
F3694,0.0015787016596471304
F65,0.0015716809106104401
F1248,0.00157110817194539
F1735,0.0015686566249524247
F1327,0.0015675875965083241
F1002,0.001566738889874908
F2195,0.0015661415234615728
F1693,0.0015660685851870415
F953,0.0015651494865022153
F2047,0.0015630846335822346
F1749,0.0015605573643636683
F3110,0.0015525643390920107
F2189,0.0015507255881457294
F1220,0.0015500372267521767
F3882,0.0015487228027507571
F3634,0.0015467925437396834
F3727,0.0015427461102014428
F1214,0.0015414513632193705
F1918,0.00154127018954886
F3519,0.0015405607555456502
F2004,0.0015359246728593456
F222,0.0015323300818044228
F1370,0.00153135526713144
F772,0.001529004824348923
F1372,0.0015283894512445606
F1219,0.0015282287319582366
F1655,0.001523547694449734
F562,0.0015218101883767154
F3758,0.0015197067544669984
F2113,0.0015182303165655053
F3571,0.0015175272005457652
F1410,0.0015133209230839828
F3582,0.0015129395906241516
F323,0.0015120820546666858
F1699,0.001507283819951466
F1635,0.0015057132110329885
F1251,0.0015033463123333979
F2452,0.001503223079521665
F1436,0.0015006753578766796
F2380,0.0015006740009840813
F1947,0.0015004177630546511
F3628,0.0014990142943956952
F164,0.0014989455471299262
F2391,0.0014977126174932076
F1305,0.0014974152837063937
F984,0.0014954096578524423
F1823,0.0014952131830985316
F2992,0.001494456366380903
F227,0.0014913221547446787
F959,0.0014900994623157082
F1734,0.0014896285121948072
F123,0.0014841600884889505
F2016,0.0014821248261178699
F1198,0.001481052285005946
F435,0.0014785957238957481
F1031,0.0014785677182735935
F2096,0.0014742618727044965
F1040,0.0014741060365364156
F1359,0.0014701979473574767
F1169,0.0014699026907357693
F574,0.001467819496987821
F1151,0.0014676560914105297
F1950,0.001465637698991662
F1583,0.0014615208382242617
F3856,0.0014578980150569132
F3612,0.0014528974747362033
F628,0.001448689170475248
F3765,0.001448566593055478
F1408,0.0014485204054407452
F1290,0.0014476711118808216
F3836,0.0014436683857581567
F2056,0.001442946680312418
F1204,0.0014336634460484499
F1889,0.0014327544870693654
F570,0.0014314219199782485
F1660,0.0014294587942128567
F3705,0.0014270181809351579
F523,0.0014250651889099464
F2177,0.0014176298321396663
F1300,0.0014154073010047563
F3539,0.001414760089024747
F630,0.001413664700741113
F2196,0.001407020294880934
F1206,0.001403124535701461
F1042,0.001401715800676273
F1767,0.0013993997709855766
F1296,0.0013969841929007965
F1311,0.0013959545894944858
F1763,0.0013875388008339762
F939,0.0013868484839749673
F3595,0.0013856612650595679
F1366,0.001385003656533157
F1901,0.0013849810999821965
F1524,0.0013808378007420519
F3473,0.001378965795728715
F2736,0.0013756877212719454
F2966,0.0013756692057381725
F1313,0.0013689456933813071
F358,0.0013676111115693557
F2356,0.0013674828455061405
F1528,0.0013669989219946554
F1575,0.0013655801667732392
F1652,0.0013655383126635057
F1478,0.001364834928260672
F2135,0.0013635020949729348
F3533,0.001361887905984016
F1421,0.00135596364510715
F3480,0.0013548239871397083
F2745,0.0013522205640682516
F2950,0.0013510680652468743
F3738,0.0013498526920712184
F151,0.0013472744990972174
F829,0.001346142781171289
F472,0.0013400904649535361
F335,0.0013378360073810214
F2186,0.0013377481701266625
F2089,0.0013364572697739385
F1398,0.0013362620588500684
F1270,0.0013333045460589554
F2130,0.0013330970152297672
F1791,0.0013321902443478306
F333,0.001330128158520294
F734,0.0013294924116131757
F2646,0.0013278374134003679
F1149,0.0013252142253074028
F1333,0.0013229697251869732
F1745,0.0013202512528652788
F370,0.0013202359084771853
F3498,0.0013188568925953659
F1678,0.0013162310274161815
F371,0.0013148107846163715
F318,0.0013128124953617482
F1716,0.0013119365123732685
F1515,0.0013057952496100533
F2548,0.0013055572683845496
F3486,0.0013052221483077497
F1249,0.0012987257243164407
F1039,0.0012953738587466734
F2046,0.0012940223857276223
F1808,0.0012923292413803411
F1143,0.0012890958028440869
F1852,0.0012833357247050703
F1636,0.0012806735013842774
F2129,0.0012775805556479725
F2080,0.0012761137355611352
F66,0.0012755497188176035
F2075,0.0012754097747366133
F2053,0.0012753162575969146
F2488,0.0012697801041421375
F1567,0.0012625432047688179
F1792,0.0012613719250709199
F3522,0.0012611477727905163
F2248,0.001260185542376946
F3100,0.001258300548954261
F3739,0.0012576738831376888
F1207,0.0012532284807286187
F3858,0.0012516694815702945
F1418,0.0012476599429517288
F853,0.0012438674877308653
F1100,0.0012427605284894838
F1924,0.0012390325516358214
F1377,0.0012369864948417186
F2959,0.0012335609328448793
F1905,0.0012324179455147632
F3699,0.0012316935583333022
F3631,0.001231454304398416
F3741,0.001225296091800998
F3043,0.001224204206406565
F2541,0.0012235678104246528
F889,0.001222740231657693
F69,0.0012215604761875998
F1419,0.0012183634973228497
F163,0.001218279166608549
F985,0.0012157182577592351
F3791,0.0012111424711717111
F2025,0.0012098330353340625
F1038,0.0012071593527515079
F3715,0.0012070708493131521
F1379,0.0012037890648424199
F3597,0.0011994664905987662
F1363,0.001198331853777268
F1386,0.0011974413317210608
F3603,0.0011954054893450472
F3723,0.0011953720334002549
F1759,0.0011944921649164053
F1810,0.0011943788242594344
F613,0.001194091169456235
F2006,0.0011915862327632754
F3689,0.0011900525327679379
F28,0.0011889995762653927
F18,0.001188850060208968
F110,0.0011859588753698747
F1260,0.0011837418041267256
F2068,0.001183044642614428
F3789,0.0011806079450994433
F1873,0.0011791295843665006
F537,0.0011769535233485673
F1544,0.0011747393004168938
F1773,0.0011744359956961103
F111,0.001169652145111999
F1696,0.001163609279994593
F2482,0.0011621795159157955
F2446,0.0011615691588949817
F3784,0.0011550017780739275
F1582,0.0011528768177803128
F1467,0.0011522777875203616
F568,0.0011485014485819178
F1362,0.0011480151165085273
F1458,0.001143973122408104
F1587,0.0011435372047167158
F3514,0.0011425238331409515
F1648,0.0011408352336670369
F2348,0.0011404106025253435
F2382,0.0011397541818445323
F1569,0.0011348952085661335
F1191,0.0011348477636868859
F1975,0.0011330438754404426
F2222,0.0011318273770435372
F1484,0.001127866064480565
F1936,0.001127704085155612
F531,0.0011264884769739414
F3635,0.0011245996936598557
F1595,0.0011230897111044191
F2024,0.0011207146523239953
F3771,0.0011202838677296656
F634,0.0011188906466023107
F3830,0.001115930004364274
F2081,0.0011124583368919971
F1014,0.0011116986200184753
F840,0.0011094143237840859
F2858,0.001107573940654527
F2249,0.0011029289763093697
F2635,0.0011027215433128124
F3859,0.001102201923210977
F1682,0.0011005991848828112
F424,0.0010999216519250732
F1298,0.0010970651937078912
F3587,0.0010961653440310082
F3497,0.0010951506686267543
F2954,0.0010870283010183668
F1764,0.0010836413303983994
F989,0.0010807807466766128
F2780,0.001078092479911863
F2127,0.0010764035727898191
F890,0.001076345210293872
F1962,0.0010753831443993667
F1627,0.001072013351248735
F3588,0.0010711359158007694
F1607,0.0010702386225055482
F3825,0.0010688035718785516
F1259,0.0010678098254843782
F1137,0.0010674449565625244
F1679,0.001063746996252557
F364,0.0010619952443887692
F17,0.0010591546812841468
F1864,0.001055484273256746
F2675,0.0010554278299689246
F29,0.0010546759646844484
F1142,0.0010516118549608322
F990,0.0010512005626394094
F1715,0.0010492290119823444
F2085,0.001046218808511079
F1003,0.0010403139411302442
F1574,0.0010394284663137743
F1976,0.0010376667813026819
F2011,0.0010366514555479878
F1866,0.0010339813291512234
F260,0.0010339257087056408
F3820,0.0010327916284863514
F3504,0.0010322393631941873
F232,0.0010283094285650218
F2132,0.0010274405740605674
F3639,0.0010261487970438798
F1746,0.001026083786118348
F361,0.0010259321505273755
F1624,0.0010243981023606574
F2451,0.0010220401167337911
F2167,0.001020285984847269
F2688,0.001019534073243511
F1919,0.0010163334420456582
F3629,0.0010131762777597642
F3060,0.0010115247190763954
F1600,0.0010077820875898924
F3472,0.0010075173480246224
F2749,0.0010053225855287673
F1054,0.0010010279869158145
F3494,0.0010009448533210286
F2690,0.0010008292716887635
F611,0.0009986917307084342
F2440,0.000997007236333891
F1154,0.0009945071801712446
F2095,0.0009939743686472324
F2070,0.000993199204235573
F529,0.0009924331310722234
F1631,0.0009918472306920112
F1970,0.0009882783639048043
F924,0.0009870221806103086
F3847,0.000986686015955196
F1247,0.0009860036889534074
F3647,0.000985002248134692
F1956,0.0009831362255084963
F1318,0.0009810377725365527
F1960,0.0009799745146057415
F2883,0.0009752032939360777
F1413,0.0009747539215917422
F1756,0.0009739000462817282
F1946,0.0009723491351815161
F2172,0.0009695729220688953
F3513,0.0009692353016580446
F1523,0.000967971781650423
F1077,0.0009628598494245688
F2392,0.0009609218704782485
F2439,0.0009552855938381732
F3683,0.0009552342245727763
F1643,0.0009547523801581859
F3638,0.0009498124652173034
F2687,0.0009487921786116571
F934,0.0009476659392164688
F3764,0.0009457650299419251
F1028,0.0009452686947293287
F3007,0.0009438366430044587
F1869,0.0009435686807930388
F1376,0.00094147814819312
F2737,0.0009408010189714267
F935,0.0009407246419417259
F68,0.0009397420210778273
F2743,0.0009388204075333473
F1407,0.0009375047979687245
F476,0.0009364031928812411
F1033,0.0009348725048257123
F2579,0.0009340366623035168
F1084,0.0009333010998624491
F2194,0.0009329079793918282
F1044,0.0009309666775000336
F1902,0.0009305513070209104
F2734,0.000929862554997829
F322,0.0009265810247602868
F2219,0.0009264066991784281
F1526,0.0009254835983654175
F3746,0.0009156806909373927
F808,0.0009131387335736818
F2343,0.0009123003249942307
F2190,0.0009105960139803582
F2059,0.0009104256432443947
F633,0.000910329935916887
F1748,0.000908699027484472
F1658,0.0009082478004869277
F1052,0.0009050232555082305
F3733,0.0009044174898568125
F2124,0.0009020835363026114
F1277,0.0009017044220281933
F2536,0.0008991895739902667
F2286,0.0008988973244029586
F1689,0.0008958358486961249
F1758,0.0008921717615649749
F2539,0.0008896291841941073
F1876,0.0008880451642402365
F1291,0.0008879672935120375
F2023,0.0008874812635568663
F1446,0.0008831102100056443
F1802,0.0008829561262647667
F1434,0.0008823058927471816
F2543,0.000881313261489769
F1653,0.0008744933608275662
F1331,0.0008744889993776983
F1074,0.0008739710352612118
F321,0.0008698998258942492
F680,0.0008697444406498001
F3730,0.0008687796234886358
F1282,0.0008679640600137706
F3656,0.000867725383214224
F2180,0.0008667317855693968
F2028,0.0008646933119180744
F22,0.0008639975470414729
F2015,0.0008638685189458206
F126,0.0008635271921231258
F1474,0.0008628772372110127
F3760,0.0008618272904457047
F973,0.0008615302385569512
F1157,0.0008602820311710557
F1328,0.0008563490359524417
F2087,0.0008541237671115809
F3883,0.0008528178112900964
F3550,0.0008503160527800757
F2550,0.0008497842577064318
F2032,0.0008484743403913697
F1518,0.0008457154809042855
F577,0.0008454989259061296
F2481,0.0008389386219821438
F740,0.0008377494980089661
F420,0.0008373628843258984
F3709,0.0008339695317955975
F2783,0.0008330763043671308
F422,0.0008296814755861526
F3546,0.0008294702874064308
F1530,0.0008294018894520194
F1805,0.0008274383673840813
F330,0.0008189845290792475
F3728,0.0008173773431643383
F1601,0.0008170996124130525
F2133,0.0008120197563619147
F3766,0.0008118076989268586
F1487,0.0008063941864527857
F1654,0.0008043679193378006
F1840,0.0008030990697462936
F2000,0.0008022997008025889
F2679,0.0008017412562714155
F2349,0.0008000514902997136
F1728,0.0007973197790560604
F627,0.0007964883191583505
F1475,0.000796332336379435
F2636,0.0007953264535893734
F1908,0.0007932454548237322
F976,0.0007924107987294926
F1967,0.0007922114868127439
F328,0.0007877587493019256
F2050,0.0007864864707933794
F1159,0.0007857256308054783
F464,0.000785491758527268
F3618,0.0007849421858647787
F2748,0.0007823279463075039
F1048,0.0007811288000646455
F1306,0.0007809275330394883
F1310,0.0007801346418141453
F1332,0.0007800665588216793
F2782,0.0007799176648388695
F1911,0.0007774598412118028
F3487,0.0007773741277237178
F3731,0.0007765591050949983
F3520,0.000775985708343252
F1757,0.0007757510261903189
F3613,0.0007744022609054158
F1842,0.0007731348069146549
F1982,0.0007710362557366013
F1622,0.0007697803720946306
F521,0.0007683752256990584
F526,0.0007665902098252797
F1112,0.0007629376933092624
F948,0.0007618440964510809
F3848,0.0007608639447883592
F1201,0.0007602011768299555
F2746,0.0007558695291433049
F2116,0.0007533363627356682
F1060,0.0007512066604996592
F3630,0.0007505053300791431
F3691,0.000750458732890813
F3759,0.000748155828915853
F3803,0.0007472423186009047
F1586,0.0007448145998013578
F23,0.0007419510356631021
F3707,0.0007411047824532613
F1476,0.0007400763370359886
F2350,0.0007385548924189189
F1765,0.0007372483199327151
F3686,0.0007372420545679326
F1961,0.0007317314841854827
F867,0.0007317231839721883
F1834,0.000731138159585365
F3563,0.0007289531426697415
F2192,0.0007282449259491397
F1304,0.0007271504264153572
F114,0.0007264035399473512
F3735,0.0007263474123102576
F1365,0.0007262858988331677
F2887,0.0007261679389051201
F3737,0.000724804793812317
F1650,0.0007233026347415183
F221,0.0007227290377501694
F1230,0.0007224426535558104
F3652,0.0007221675861441845
F671,0.0007191163054703908
F937,0.0007173990545944475
F2638,0.0007168772944012858
F3616,0.0007165763431808969
F3769,0.0007161339932190147
F2534,0.0007154014843341328
F1479,0.0007151462290294619
F419,0.000714781704063916
F1917,0.0007128371675889644
F669,0.0007115947765186093
F2152,0.0007103461313842097
F2161,0.000709024127233393
F1252,0.0007075992428622335
F1698,0.0007074540225655568
F3545,0.0007066983292377538
F1254,0.0007051299760512109
F1265,0.0007049366714217964
F2478,0.0007042750766103056
F1626,0.000702681784152781
F882,0.0006960528243575848
F788,0.0006925402059710928
F3676,0.0006907928068172753
F233,0.0006892779430301976
F1262,0.0006883295743237428
F226,0.000685829742703925
F3679,0.0006855164736667696
F3736,0.000685216083003426
F670,0.0006781539071486486
F1620,0.0006745554380140906
F3530,0.0006700577653967477
F2678,0.0006692971076058818
F3740,0.0006677337078561107
F1801,0.0006667472294772381
F812,0.0006667187879720871
F1788,0.000663697164172361
F430,0.000662094516408307
F2044,0.0006579891952548378
F2009,0.000655825031036894
F1481,0.0006555165499121385
F1417,0.0006547929373966754
F629,0.0006546949183626749
F1556,0.00065287855263918
F919,0.000645570971625653
F1951,0.0006436159483982351
F1899,0.0006433861937739094
F1341,0.0006432131723561607
F1480,0.000642485920111735
F3704,0.0006416423897265267
F972,0.0006398949363956019
F2128,0.0006392847613929664
F3732,0.0006373855741429457
F992,0.0006363206260635579
F614,0.000636216359442443
F1093,0.0006348385314939309
F1119,0.0006338837671614472
F2055,0.0006310996693181803
F936,0.0006295682355038634
F1851,0.0006284485952627872
F3542,0.0006266261143853535
F2640,0.0006265565695466879
F865,0.0006260681734555629
F118,0.0006259837325816031
F3488,0.0006255577029758985
F3817,0.0006215242547129574
F3637,0.000619922673450346
F1264,0.0006194486371867702
F1085,0.00061897470004868
F1557,0.0006188025533206964
F1552,0.0006170365902623542
F793,0.0006167266978337471
F1029,0.0006153532800121653
F1628,0.0006115791288916483
F1011,0.0006112295067718376
F1095,0.0006100097307411012
F1335,0.0006097320882562096
F362,0.0006069926062103326
F2010,0.0006062956167299793
F3809,0.0006061494348228447
F2108,0.0006060036308042083
F3684,0.0006030801138775521
F3786,0.0006024266201406503
F1267,0.0006007641464380598
F3502,0.0006001092162746247
F3790,0.0005998893636612879
F1195,0.0005991689092634811
F366,0.0005991525083933746
F2115,0.0005979457450204784
F3906,0.000597546561353135
F1186,0.0005974951673154427
F940,0.0005949512890164321
F979,0.0005926634736819203
F1083,0.000592163835478221
F3693,0.0005921206980561422
F2160,0.0005874502534229942
F1555,0.0005851318522493987
F1659,0.0005829627472688781
F636,0.0005796524252897894
F467,0.0005759770401325692
F218,0.0005756136994776728
F3823,0.0005692089629929509
F3725,0.0005683840014872876
F1138,0.0005660398318945159
F739,0.000562790976125771
F530,0.0005614944637032382
F1053,0.0005613316826225123
F3479,0.0005586791997572726
F463,0.0005550690529708691
F155,0.0005545861993795365
F3747,0.0005535243231329368
F3575,0.0005527435059372587
F2007,0.0005520208001825733
F1288,0.0005468064424225538
F3714,0.0005444491032373655
F1743,0.0005434742222566458
F1460,0.0005425039934988662
F920,0.0005406400366163577
F1871,0.0005406357756282398
F1396,0.0005406250229353926
F1979,0.0005388759522739761
F814,0.0005372034787828328
F3570,0.0005370481960440543
F1625,0.0005360479179229438
F3566,0.0005332956081055551
F1017,0.0005289075314000025
F1737,0.0005287091675582056
F1580,0.0005276909414311248
F2205,0.0005273437981142548
F2253,0.0005266376008594698
F2067,0.0005265818503783493
F841,0.0005255695545475225
F2544,0.0005251344499577204
F1835,0.0005200419344523199
F2682,0.0005134882999777712
F1665,0.0005133881433713183
F3920,0.0005130277217061385
F1358,0.0005127507621294214
F1414,0.0005126766998434507
F3863,0.0005103897589249229
F745,0.0005093999764115287
F1250,0.0005082773167766064
F2111,0.0005076639633340152
F3491,0.000504219994289179
F1516,0.0005033372609970499
F326,0.0004999653348244371
F1156,0.0004998662292239331
F3619,0.0004978720382161628
F1463,0.0004974567135610508
F1271,0.0004961578163322766
F917,0.0004952382589554771
F1075,0.0004948461188188924
F1878,0.0004943746640767577
F3516,0.0004938547895483314
F1903,0.0004904153070834916
F2229,0.00048671940791222834
F1590,0.0004862754959525928
F3610,0.00048605806397616913
F1256,0.0004845119587713054
F2083,0.0004839973945784948
F3627,0.00048211977163525876
F1314,0.00048210446183627464
F1690,0.000481455721007773
F2178,0.0004812474680743195
F3617,0.0004794650298912684
F1798,0.00047937133315423264
F3097,0.00047883061587217224
F3713,0.0004764650096674705
F3551,0.0004763640144388459
F682,0.00047611845409978315
F2066,0.0004757447381925628
F1944,0.0004756255109351626
F1925,0.00047555877520244483
F3828,0.0004752867656392379
F1793,0.0004739748325189863
F1589,0.00047072673181425273
F2353,0.0004689894286454832
F1514,0.0004689096560717143
F2226,0.0004688494193446635
F1942,0.00046602358467384697
F1900,0.0004634452358650565
F1469,0.00046238811692433934
F1152,0.00045996285233473877
F329,0.0004575077227100266
F1255,0.0004548336214341697
F1843,0.00045229758927745056
F3767,0.00045098792492392903
F2341,0.0004496713070776259
F3831,0.0004494276916868767
F3795,0.00044738031904956177
F707,0.00044549458353304594
F674,0.0004447411660074563
F423,0.00044319609867593535
F431,0.00044127289277806625
F3562,0.00043954591178285707
F2122,0.0004394420217205264
F1299,0.000439320833193646
F3528,0.00043443967725231847
F849,0.00043263639587420855
F1877,0.00043022221286459494
F631,0.000429478773781522
F1740,0.000428152209321242
F3585,0.0004266589827904843
F1525,0.0004251793688339056
F1948,0.0004248596665076265
F1047,0.00041924913974300537
F811,0.0004167607069492929
F2104,0.00041567215733551155
F1006,0.00041434200516698994
F536,0.0004132716848456175
F1307,0.00041214827550584143
F1663,0.0004090770377408459
F2445,0.0004088841302534174
F2991,0.0004035097597603343
F3885,0.00040265629571001327
F784,0.0003983619823502149
F3508,0.0003972141648409533
F1080,0.0003958776321468793
F2545,0.0003955806070323753
F1938,0.00039310891270694093
F3697,0.00039294318122273797
F1243,0.00039077860022385114
F3816,0.00039022133927280045
F2227,0.00038993222591188204
F1035,0.0003889401036466511
F714,0.0003879133795029466
F1897,0.0003874921745974369
F1541,0.0003858003655520248
F1094,0.00038515146003492706
F2170,0.0003840407359149145
F2092,0.00038161626833532747
F1440,0.00038126090163492776
F2052,0.00038013303809647514
F1043,0.00037776703286462876
F3726,0.0003775793252970283
F1657,0.0003764825217397183
F2193,0.00037585599322653707
F1402,0.0003734606114795813
F862,0.0003691109485204347
F1614,0.00036524891353129085
F1931,0.000360840272582319
F1790,0.0003583725422964257
F1448,0.0003578110782352928
F1958,0.00035682826708094417
F1374,0.00035538948090985123
F1294,0.00035506270146090646
F331,0.0003549675097395122
F637,0.000354677156820693
F2197,0.0003542457638138208
F1542,0.0003532058293999052
F1308,0.0003530082003835311
F1303,0.00035201207764135045
F3815,0.00034957226500209604
F3547,0.00034893315403727865
F2126,0.0003483457388551159
F785,0.0003483136421986721
F3531,0.00034700528536857345
F1981,0.0003463807622173798
F3655,0.000345875725557665
F1183,0.00034536381483518674
F3701,0.0003441421165444325
F3718,0.00033946783338301145
F1804,0.00033703102196658286
F2886,0.00033531224567129314
F626,0.00033341685173715607
F2395,0.0003315184136496452
F1675,0.00033150537144932546
F1584,0.000329031100406163
F3671,0.0003238430211115473
F1005,0.00032363950164671085
F1375,0.00032348461694864383
F1733,0.0003192377373947286
F1161,0.00031898133289320896
F1422,0.000318899944266815
F1945,0.00031889587082079007
F1506,0.0003132902551175043
F534,0.00031171785604222624
F1676,0.00031049664301108226
F2884,0.00030925137391557556
F2583,0.0003085026033879945
F2779,0.00030690997126370245
F848,0.00030606423938717153
F1010,0.00030527390221968265
F2582,0.0003045094531647363
F677,0.00030448188518483743
F1477,0.000304283729227528
F3887,0.00030172963686381227
F3708,0.0002982627556479267
F1464,0.0002981795397108966
F374,0.0002944942401933437
F1672,0.0002933282347687971
F1203,0.0002931054335604255
F535,0.000292013711866157
F1588,0.00029156297919707974
F2155,0.0002912953266919205
F1770,0.00029010020748132526
F1356,0.0002871455310036186
F2223,0.0002869885191056909
F1783,0.00028673321334882207
F2157,0.0002857602351636901
F1780,0.000285544882079547
F1123,0.0002852240672942541
F522,0.0002848233027720193
F1997,0.00028424496173717895
F3646,0.0002823010930144143
F2735,0.0002818137981550617
F425,0.00027938756814505084
F711,0.00027511616824571483
F1870,0.00027121676740138323
F723,0.00027074932400039664
F1984,0.0002703336703260284
F1227,0.0002691620016692653
F2118,0.00026804798418000875
F2199,0.00026771429011629433
F2082,0.00026627046460880877
F3584,0.00026400634084045027
F1116,0.00026197114284642886
F816,0.000261020292687264
F1013,0.0002594855908291116
F1155,0.000259459581436583
F2247,0.000255514686931968
F1231,0.0002477834546742441
F623,0.00024384650956665865
F1399,0.00024383305989283954
F3515,0.0002437564405760595
F830,0.00024298422652568874
F1160,0.00024279901225943146
F1578,0.00024129699746322508
F3003,0.0002412284824355737
F1739,0.00023898903170849195
F884,0.00023730272723554435
F1118,0.00023611268162082588
F668,0.0002327366768339889
F565,0.0002275454479067074
F1576,0.00022542302355677002
F2995,0.00022511980117045916
F1629,0.00022437593529445188
F3862,0.00021969259860676882
F3654,0.00021914336866502016
F2344,0.00021745910210413388
F610,0.00021655122113739544
F1830,0.00021300107109278876
F1293,0.00021261905979841345
F2154,0.0002114263539118033
F3703,0.0002092985419036575
F887,0.00020640005162608777
F332,0.0002044608570099804
F2994,0.00020442874207693418
F1729,0.00020361817550607064
F3917,0.00020240555816541939
F1688,0.0001988867883604417
F2575,0.0001972912432776086
F3824,0.00019711040652725664
F1244,0.00019601488578668835
F2641,0.00019436230523572906
F1269,0.00019419372383222555
F1685,0.0001937891137685499
F945,0.00019159605769258903
F1771,0.00018912459063002984
F2003,0.0001883020142319225
F2022,0.00018728916298849096
F1091,0.0001871023805446459
F3568,0.0001862753601210576
F3909,0.00018146524883011494
F1032,0.00018127816621760218
F1036,0.00017926835593429225
F1593,0.00017900297370199159
F708,0.00017721569876283372
F864,0.00017519536129673163
F3653,0.00017489515417346002
F3685,0.00017192218170603013
F1012,0.00016969225666052523
F57,0.00016921443944317716
F2533,0.00016492234814080575
F2246,0.0001596181792488105
F789,0.00015877339366421328
F3621,0.00015873233692054178
F524,0.00015592828187338537
F1466,0.0001545493250790786
F1723,0.00015011729726555068
F3649,0.00014938925928709157
F3762,0.00014861275534672203
F2169,0.00014783956668540377
F3474,0.0001472697374784726
F3576,0.00014636158875003247
F3768,0.00014374056981081296
F896,0.00014373930262268075
F2019,0.0001398528263738541
F3481,0.00013947935719926807
F1403,0.00013805804191113769
F3788,0.0001350556296636496
F2252,0.00013319662740407523
F1695,0.00013291237846047022
F3721,0.00013175870156678648
F3594,0.0001299262070335594
F3864,0.00012894756311998545
F2060,0.00012772632067092893
F1786,0.0001262539313379163
F1025,0.00012550566547198105
F2012,0.00012327555032198845
F3572,0.00012288767950130453
F2005,0.00012273302614074222
F3605,0.00012146085227759951
F1441,0.00012077744722338579
F1046,0.00011808545297564699
F1087,0.00011732169437395079
F2542,0.00011722132432567811
F1309,0.0001168099153654456
F1401,0.00011600037195913515
F3650,0.00011483346692320318
F685,0.00011327695927798587
F832,0.00011219453042221605
F1263,0.00011127273816335936
F1246,0.0001103184912500943
F776,0.00010974935353535997
F319,0.00010971286932681679
F819,0.00010763213109121761
F1573,0.000104762927225166
F3897,0.00010034548110227082
F3901,9.841109426067529e-05
F2164,9.644551428844572e-05
F3763,9.003493423009878e-05
F3632,8.906006602571459e-05
F2198,8.857385237559523e-05
F3868,8.781455503503732e-05
F1649,8.442522563745225e-05
F3544,8.357887084564641e-05
F1789,8.246067097761323e-05
F2394,8.23349828877884e-05
F1295,8.217514472086407e-05
F1662,8.108749759061507e-05
F1312,8.058979877101358e-05
F1114,8.043828863091296e-05
F2750,7.320422348100486e-05
F1457,7.173267297222452e-05
F3900,6.913173314049281e-05
F1482,6.897234452118983e-05
F2117,6.463949778767741e-05
F1686,6.234088710921348e-05
F2120,6.007397116392088e-05
F1357,5.496413533034872e-05
F1692,5.495755054663043e-05
F1245,5.456922870550329e-05
F1787,5.2265355753422504e-05
F851,5.204430489380574e-05
F2549,5.200229191926198e-05
F1041,5.19448241591558e-05
F2744,5.1752713192243505e-05
F1722,5.153676469615842e-05
F3593,5.053570313473532e-05
F1972,4.963312398831299e-05
F1222,4.895675179694692e-05
F3500,4.714830007457316e-05
F2578,4.548628542155875e-05
F1630,4.517968382122817e-05
F1881,4.2369010061271695e-05
F3586,3.918630017518687e-05
F1026,3.909738570195831e-05
F3578,3.893604990845567e-05
F1803,3.8629542005397255e-05
F679,3.255072386698643e-05
F3625,3.2267433476840246e-05
F1913,2.8626820670729636e-05
F1797,2.726127399799161e-05
F2033,1.990997692469243e-05
F1845,1.793991921539284e-05
F1030,1.7538023308616424e-05
F3755,1.5726944215921357e-05
F966,1.1500022967347867e-05
F1579,9.94142616861371e-06
F615,7.270276342508097e-06
F1360,5.762172684886657e-06
F1621,0.0
F1619,0.0
F1618,0.0
F1617,0.0
F1615,0.0
F1612,0.0
F3918,0.0
F855,0.0
F854,0.0
F3829,0.0
F3827,0.0
F1193,0.0
F1185,0.0
F1180,0.0
F782,0.0
F780,0.0
F779,0.0
F777,0.0
F2648,0.0
F2647,0.0
F2642,0.0
F2634,0.0
F775,0.0
F774,0.0
F773,0.0
F747,0.0
F1197,0.0
F1196,0.0
F1132,0.0
F1125,0.0
F334,0.0
F325,0.0
F1226,0.0
F1224,0.0
F1223,0.0
F324,0.0
F2581,0.0
F1153,0.0
F1148,0.0
F1147,0.0
F1146,0.0
F1145,0.0
F1187,0.0
F1121,0.0
F1120,0.0
F1117,0.0
F1115,0.0
F1113,0.0
F1144,0.0
F2576,0.0
F2547,0.0
F2546,0.0
F2540,0.0
F2538,0.0
F1139,0.0
F1136,0.0
F1135,0.0
F1134,0.0
F815,0.0
F809,0.0
F795,0.0
F320,0.0
F1253,0.0
F1229,0.0
F1228,0.0
F2437,0.0
F2383,0.0
F2537,0.0
F1242,0.0
F1241,0.0
F1240,0.0
F1233,0.0
F1232,0.0
F1122,0.0
F1090,0.0
F1088,0.0
F3004,0.0
F359,0.0
F2259,0.0
F2258,0.0
F2257,0.0
F2251,0.0
F737,0.0
F735,0.0
F732,0.0
F731,0.0
F1268,0.0
F1266,0.0
F818,0.0
F817,0.0
F2216,0.0
F2215,0.0
F2212,0.0
F2204,0.0
F2203,0.0
F2202,0.0
F2200,0.0
F2245,0.0
F2228,0.0
F746,0.0
F744,0.0
F741,0.0
F738,0.0
F792,0.0
F787,0.0
F1092,0.0
F1338,0.0
F1082,0.0
F1079,0.0
F1072,0.0
F1297,0.0
F2174,0.0
F2173,0.0
F2168,0.0
F2162,0.0
F1301,0.0
F3483,0.0
F3482,0.0
F3478,0.0
F3477,0.0
F2225,0.0
F2224,0.0
F3511,0.0
F3510,0.0
F3509,0.0
F3507,0.0
F1337,0.0
F1336,0.0
F1334,0.0
F426,0.0
F1330,0.0
F1353,0.0
F1352,0.0
F1350,0.0
F1349,0.0
F1348,0.0
F1339,0.0
F3521,0.0
F3518,0.0
F1051,0.0
F1050,0.0
F1049,0.0
F843,0.0
F842,0.0
F2121,0.0
F1368,0.0
F1361,0.0
F1355,0.0
F2119,0.0
F839,0.0
F835,0.0
F3512,0.0
F826,0.0
F2090,0.0
F2086,0.0
F2084,0.0
F1373,0.0
F1371,0.0
F2114,0.0
F2112,0.0
F2107,0.0
F2105,0.0
F2097,0.0
F2094,0.0
F2091,0.0
F3527,0.0
F3525,0.0
F3523,0.0
F3552,0.0
F2054,0.0
F2049,0.0
F2039,0.0
F715,0.0
F713,0.0
F712,0.0
F710,0.0
F709,0.0
F2069,0.0
F2065,0.0
F1412,0.0
F1406,0.0
F1404,0.0
F828,0.0
F827,0.0
F3577,0.0
F3574,0.0
F2021,0.0
F2020,0.0
F2013,0.0
F1416,0.0
F1415,0.0
F2027,0.0
F468,0.0
F3569,0.0
F3565,0.0
F3555,0.0
F3553,0.0
F1015,0.0
F2002,0.0
F1999,0.0
F1996,0.0
F1989,0.0
F1988,0.0
F1424,0.0
F722,0.0
F721,0.0
F720,0.0
F719,0.0
F718,0.0
F3591,0.0
F3590,0.0
F3589,0.0
F3615,0.0
F3599,0.0
F717,0.0
F716,0.0
F1987,0.0
F1986,0.0
F1983,0.0
F1978,0.0
F1973,0.0
F25,0.0
F3596,0.0
F27,0.0
F1027,0.0
F3881,0.0
F1024,0.0
F1016,0.0
F1007,0.0
F1004,0.0
F1456,0.0
F1449,0.0
F1447,0.0
F1445,0.0
F1444,0.0
F1443,0.0
F1442,0.0
F1954,0.0
F1953,0.0
F1952,0.0
F1941,0.0
F1939,0.0
F1000,0.0
F3620,0.0
F1912,0.0
F1904,0.0
F1896,0.0
F1895,0.0
F1892,0.0
F1439,0.0
F1437,0.0
F1916,0.0
F1915,0.0
F533,0.0
F527,0.0
F525,0.0
F3626,0.0
F3884,0.0
F1009,0.0
F1008,0.0
F977,0.0
F3682,0.0
F3678,0.0
F3677,0.0
F3674,0.0
F3673,0.0
F3670,0.0
F3663,0.0
F3661,0.0
F3660,0.0
F3659,0.0
F3658,0.0
F3657,0.0
F3633,0.0
F1914,0.0
F3894,0.0
F982,0.0
F980,0.0
F1461,0.0
F1459,0.0
F1872,0.0
F1850,0.0
F1849,0.0
F1848,0.0
F1891,0.0
F3915,0.0
F1880,0.0
F1879,0.0
F1875,0.0
F1471,0.0
F1470,0.0
F1468,0.0
F1833,0.0
F1831,0.0
F1828,0.0
F1485,0.0
F1483,0.0
F1847,0.0
F3905,0.0
F1844,0.0
F612,0.0
F1841,0.0
F1839,0.0
F1838,0.0
F1836,0.0
F3696,0.0
F986,0.0
F983,0.0
F971,0.0
F970,0.0
F969,0.0
F967,0.0
F1473,0.0
F1809,0.0
F1806,0.0
F3910,0.0
F1800,0.0
F1799,0.0
F15,0.0
F1796,0.0
F845,0.0
F964,0.0
F3720,0.0
F3702,0.0
F941,0.0
F3734,0.0
F1781,0.0
F1772,0.0
F1769,0.0
F1766,0.0
F1794,0.0
F1784,0.0
F1517,0.0
F1511,0.0
F1509,0.0
F1507,0.0
F1504,0.0
F3729,0.0
F975,0.0
F974,0.0
F1522,0.0
F1520,0.0
F846,0.0
F1742,0.0
F1741,0.0
F1738,0.0
F632,0.0
F624,0.0
F681,0.0
F852,0.0
F678,0.0
F676,0.0
F675,0.0
F944,0.0
F943,0.0
F942,0.0
F3782,0.0
F3779,0.0
F3778,0.0
F3770,0.0
F1736,0.0
F1730,0.0
F1727,0.0
F1726,0.0
F1725,0.0
F3861,0.0
F1720,0.0
F1703,0.0
F1697,0.0
F3761,0.0
F2738,0.0
F3745,0.0
F922,0.0
F916,0.0
F901,0.0
F898,0.0
F895,0.0
F892,0.0
F891,0.0
F1527,0.0
F687,0.0
F686,0.0
F684,0.0
F683,0.0
F1694,0.0
F3793,0.0
F3792,0.0
F3785,0.0
F1568,0.0
F1566,0.0
F1564,0.0
F1634,0.0
F1632,0.0
F1673,0.0
F1664,0.0
F1661,0.0
F1684,0.0
F1683,0.0
F1554,0.0
F1551,0.0
F1550,0.0
F1549,0.0
F1547,0.0
F925,0.0
F54,0.0
F1581,0.0
F881,0.0
F665,0.0
F664,0.0
F635,0.0
F880,0.0
F672,0.0
F667,0.0
F1591,0.0
F3821,0.0
F3819,0.0
F3818,0.0
F3814,0.0
F3794,0.0
F1577,0.0
F3826,0.0
F19,0.0
F3921,0.0
F3880,0.0
F3870,0.0
F3869,0.0
F21,0.0
F3867,0.0
F3866,0.0
F3865,0.0
F3904,0.0
F3903,0.0
F3849,0.0
F888,0.0
F886,0.0
F883,0.0
F885,0.0
F1192,0.0
F1190,0.0
F2683,0.0
F1202,0.0
F1200,0.0
F786,0.0
F783,0.0
F2751,0.0
F2747,0.0
F1623,0.0
F2742,0.0
F2741,0.0
F2740,0.0
F2739,0.0
F16,0.0
